<?xml version="1.0" encoding="utf-8"?>
<!--/854968/1426869/2.50/40/4/Undefined or Miscellaneous/-->
<quadcept_library>
  <setting unit="mil" />
  <textstyle name="Default" height="47.244094488189" strokewidth="7.8740157480315" charwidth="47.244094488189" />
  <textstyle name="Dimension" height="19.6850393700787" strokewidth="0" charwidth="19.6850393700787" />
  <textstyle name="H127W0635TH00762" height="50" strokewidth="3" charwidth="25" />
  <textstyle name="H15W15TH02" height="59.0551181102362" strokewidth="7.8740157480315" charwidth="59.0551181102362" />
  <padstyle name="c166.5_h111" surface="False" plated="True" isvia="False" nopaste="True" nomask="True" complex="False" holesize="43.700787401574">
    <padshape layer="TOP" shape="round" width="65.551181102361" height="65.551181102361" />
    <padshape layer="TOP_SOLDER_MASK" shape="round" width="73.425196850393" height="73.425196850393" />
    <padshape layer="INNER" shape="round" width="65.551181102361" height="65.551181102361" />
    <padshape layer="BOTTOM" shape="round" width="65.551181102361" height="65.551181102361" />
    <padshape layer="BOTTOM_SOLDER_MASK" shape="round" width="73.425196850393" height="73.425196850393" />
  </padstyle>
  <padstyle name="s166.5_h111" surface="False" plated="True" isvia="False" nopaste="True" nomask="True" complex="False" holesize="43.700787401574">
    <padshape layer="TOP" shape="square" width="65.551181102361" height="65.551181102361" />
    <padshape layer="TOP_SOLDER_MASK" shape="square" width="73.425196850393" height="73.425196850393" />
    <padshape layer="INNER" shape="square" width="65.551181102361" height="65.551181102361" />
    <padshape layer="BOTTOM" shape="square" width="65.551181102361" height="65.551181102361" />
    <padshape layer="BOTTOM_SOLDER_MASK" shape="square" width="73.425196850393" height="73.425196850393" />
  </padstyle>
  <padstyle name="c465_h310" surface="False" plated="True" isvia="False" nopaste="True" nomask="True" complex="False" holesize="122.04724409449">
    <padshape layer="TOP" shape="round" width="183.07086614173" height="183.07086614173" />
    <padshape layer="TOP_SOLDER_MASK" shape="round" width="190.94488188976" height="190.94488188976" />
    <padshape layer="INNER" shape="round" width="183.07086614173" height="183.07086614173" />
    <padshape layer="BOTTOM" shape="round" width="183.07086614173" height="183.07086614173" />
    <padshape layer="BOTTOM_SOLDER_MASK" shape="round" width="190.94488188976" height="190.94488188976" />
  </padstyle>
  <footprint name="FIREBEETLE_ESP32" originx="0" originy="0" pickpointx="0" pickpointy="0">
    <pcbpin number="1" name="1" style="s166.5_h111" originx="999.99999999999" originy="499.99999999999" rotation="90" />
    <pcbpin number="2" name="2" style="c166.5_h111" originx="899.99999999999" originy="499.99999999999" rotation="90" />
    <pcbpin number="3" name="3" style="c166.5_h111" originx="799.99999999999" originy="499.99999999999" rotation="90" />
    <pcbpin number="4" name="4" style="c166.5_h111" originx="699.99999999999" originy="499.99999999999" rotation="90" />
    <pcbpin number="5" name="5" style="c166.5_h111" originx="599.99999999999" originy="499.99999999999" rotation="90" />
    <pcbpin number="6" name="6" style="c166.5_h111" originx="499.99999999999" originy="499.99999999999" rotation="90" />
    <pcbpin number="7" name="7" style="c166.5_h111" originx="400" originy="499.99999999999" rotation="90" />
    <pcbpin number="8" name="8" style="c166.5_h111" originx="300" originy="499.99999999999" rotation="90" />
    <pcbpin number="9" name="9" style="c166.5_h111" originx="200" originy="499.99999999999" rotation="90" />
    <pcbpin number="10" name="10" style="c166.5_h111" originx="99.999999999999" originy="499.99999999999" rotation="90" />
    <pcbpin number="11" name="11" style="c166.5_h111" originx="0" originy="499.99999999999" rotation="90" />
    <pcbpin number="12" name="12" style="c166.5_h111" originx="-99.999999999999" originy="499.99999999999" rotation="90" />
    <pcbpin number="13" name="13" style="c166.5_h111" originx="-200" originy="499.99999999999" rotation="90" />
    <pcbpin number="14" name="14" style="c166.5_h111" originx="-300" originy="499.99999999999" rotation="90" />
    <pcbpin number="15" name="15" style="c166.5_h111" originx="-400" originy="499.99999999999" rotation="90" />
    <pcbpin number="16" name="16" style="c166.5_h111" originx="-499.99999999999" originy="499.99999999999" rotation="90" />
    <pcbpin number="17" name="17" style="c166.5_h111" originx="-599.99999999999" originy="499.99999999999" rotation="90" />
    <pcbpin number="18" name="18" style="c166.5_h111" originx="-699.99999999999" originy="499.99999999999" rotation="90" />
    <pcbpin number="19" name="19" style="s166.5_h111" originx="999.99999999999" originy="-499.99999999999" rotation="90" />
    <pcbpin number="20" name="20" style="c166.5_h111" originx="899.99999999999" originy="-499.99999999999" rotation="90" />
    <pcbpin number="21" name="21" style="c166.5_h111" originx="799.99999999999" originy="-499.99999999999" rotation="90" />
    <pcbpin number="22" name="22" style="c166.5_h111" originx="699.99999999999" originy="-499.99999999999" rotation="90" />
    <pcbpin number="23" name="23" style="c166.5_h111" originx="599.99999999999" originy="-499.99999999999" rotation="90" />
    <pcbpin number="24" name="24" style="c166.5_h111" originx="499.99999999999" originy="-499.99999999999" rotation="90" />
    <pcbpin number="25" name="25" style="c166.5_h111" originx="400" originy="-499.99999999999" rotation="90" />
    <pcbpin number="26" name="26" style="c166.5_h111" originx="300" originy="-499.99999999999" rotation="90" />
    <pcbpin number="27" name="27" style="c166.5_h111" originx="200" originy="-499.99999999999" rotation="90" />
    <pcbpin number="28" name="28" style="c166.5_h111" originx="99.999999999999" originy="-499.99999999999" rotation="90" />
    <pcbpin number="29" name="29" style="c166.5_h111" originx="0" originy="-499.99999999999" rotation="90" />
    <pcbpin number="30" name="30" style="c166.5_h111" originx="-99.999999999999" originy="-499.99999999999" rotation="90" />
    <pcbpin number="31" name="31" style="c166.5_h111" originx="-200" originy="-499.99999999999" rotation="90" />
    <pcbpin number="32" name="32" style="c166.5_h111" originx="-300" originy="-499.99999999999" rotation="90" />
    <pcbpin number="33" name="33" style="c166.5_h111" originx="-400" originy="-499.99999999999" rotation="90" />
    <pcbpin number="34" name="34" style="c166.5_h111" originx="-499.99999999999" originy="-499.99999999999" rotation="90" />
    <pcbpin number="35" name="35" style="c166.5_h111" originx="-599.99999999999" originy="-499.99999999999" rotation="90" />
    <pcbpin number="36" name="36" style="c166.5_h111" originx="-699.99999999999" originy="-499.99999999999" rotation="90" />
    <pcbpin number="37" name="MH1" style="c465_h310" originx="-892.79527559054" originy="-472.44094488188" rotation="90" />
    <pcbpin number="38" name="MH2" style="c465_h310" originx="-892.79527559054" originy="472.44094488188" rotation="90" />
    <pcbpin number="39" name="MH3" style="c465_h310" originx="1193.8188976378" originy="472.44094488188" rotation="90" />
    <pcbpin number="40" name="MH4" style="c465_h310" originx="1193.8188976378" originy="-472.44094488188" rotation="90" />
    <line layer="TOP_ASSEMBLY" originx="-991.73228346455" originy="570.86614173228" endx="1291.7322834646" endy="570.86614173228" width="7.8740157480314" />
    <line layer="TOP_ASSEMBLY" originx="1291.7322834646" originy="570.86614173228" endx="1291.7322834646" endy="-570.86614173228" width="7.8740157480314" />
    <line layer="TOP_ASSEMBLY" originx="1291.7322834646" originy="-570.86614173228" endx="-991.73228346455" endy="-570.86614173228" width="7.8740157480314" />
    <line layer="TOP_ASSEMBLY" originx="-991.73228346455" originy="-570.86614173228" endx="-991.73228346455" endy="570.86614173228" width="7.8740157480314" />
    <line layer="TOP_SILKSCREEN" originx="-991.73228346455" originy="570.86614173228" endx="1291.7322834646" endy="570.86614173228" width="3.9370078740157" />
    <line layer="TOP_SILKSCREEN" originx="1291.7322834646" originy="570.86614173228" endx="1291.7322834646" endy="-570.86614173228" width="3.9370078740157" />
    <line layer="TOP_SILKSCREEN" originx="1291.7322834646" originy="-570.86614173228" endx="-991.73228346455" endy="-570.86614173228" width="3.9370078740157" />
    <line layer="TOP_SILKSCREEN" originx="-991.73228346455" originy="-570.86614173228" endx="-991.73228346455" endy="570.86614173228" width="3.9370078740157" />
    <line layer="TOP_PLACE_BOUND" originx="-1031.1023622047" originy="610.23622047243" endx="1331.1023622047" endy="610.23622047243" width="3.9370078740157" />
    <line layer="TOP_PLACE_BOUND" originx="1331.1023622047" originy="610.23622047243" endx="1331.1023622047" endy="-610.23622047243" width="3.9370078740157" />
    <line layer="TOP_PLACE_BOUND" originx="1331.1023622047" originy="-610.23622047243" endx="-1031.1023622047" endy="-610.23622047243" width="3.9370078740157" />
    <line layer="TOP_PLACE_BOUND" originx="-1031.1023622047" originy="-610.23622047243" endx="-1031.1023622047" endy="610.23622047243" width="3.9370078740157" />
    <line layer="TOP_SILKSCREEN" originx="996.45669291337" originy="586.61417322834" endx="996.45669291337" endy="586.61417322834" width="3.9370078740157" />
    <arc layer="TOP_SILKSCREEN" originx="998.42519685038" originy="586.61417322834" startangle="180.0" sweepangle="-180.0" radius="1.9685039370078" width="3.9370078740157" />
    <line layer="TOP_SILKSCREEN" originx="1000.3937007874" originy="586.61417322834" endx="1000.3937007874" endy="586.61417322834" width="3.9370078740157" />
    <arc layer="TOP_SILKSCREEN" originx="998.42519685038" originy="586.61417322834" startangle=".0" sweepangle="-180.0" radius="1.9685039370078" width="3.9370078740157" />
    <line layer="TOP_ASSEMBLY" originx="999.99999999999" originy="354.33070866141" endx="300" endy="354.33070866141" width="7.8740157480314" />
    <line layer="TOP_ASSEMBLY" originx="300" originy="354.33070866141" endx="300" endy="-354.33070866141" width="7.8740157480314" />
    <line layer="TOP_ASSEMBLY" originx="300" originy="-354.33070866141" endx="999.99999999999" endy="-354.33070866141" width="7.8740157480314" />
    <line layer="TOP_ASSEMBLY" originx="999.99999999999" originy="-354.33070866141" endx="999.99999999999" endy="354.33070866141" width="7.8740157480314" />
    <line layer="TOP_ASSEMBLY" originx="-1003.937007874" originy="-125.94488188976" endx="-833.77952755904" endy="-125.94488188976" width="7.8740157480314" />
    <line layer="TOP_ASSEMBLY" originx="-833.77952755904" originy="-125.94488188976" endx="-833.77952755904" endy="-354.52755905511" width="7.8740157480314" />
    <line layer="TOP_ASSEMBLY" originx="-833.77952755904" originy="-354.52755905511" endx="-1003.937007874" endy="-354.52755905511" width="7.8740157480314" />
    <line layer="TOP_ASSEMBLY" originx="-1003.937007874" originy="-125.94488188976" endx="-1003.937007874" endy="-354.52755905511" width="7.8740157480314" />
    <line layer="TOP_SILKSCREEN" originx="300" originy="354.33070866141" endx="300" endy="-354.33070866141" width="7.8740157480314" />
    <line layer="TOP_SILKSCREEN" originx="300" originy="-354.33070866141" endx="999.99999999999" endy="-354.33070866141" width="7.8740157480314" />
    <line layer="TOP_SILKSCREEN" originx="999.99999999999" originy="-354.33070866141" endx="999.99999999999" endy="354.33070866141" width="7.8740157480314" />
    <line layer="TOP_SILKSCREEN" originx="999.99999999999" originy="354.33070866141" endx="300" endy="354.33070866141" width="7.8740157480314" />
    <line layer="TOP_SILKSCREEN" originx="-1003.937007874" originy="-125.94488188976" endx="-1003.937007874" endy="-354.52755905511" width="7.8740157480314" />
    <line layer="TOP_SILKSCREEN" originx="-1003.937007874" originy="-354.52755905511" endx="-833.77952755904" endy="-354.52755905511" width="7.8740157480314" />
    <line layer="TOP_SILKSCREEN" originx="-833.77952755904" originy="-354.52755905511" endx="-833.77952755904" endy="-125.94488188976" width="7.8740157480314" />
    <line layer="TOP_SILKSCREEN" originx="-833.77952755904" originy="-125.94488188976" endx="-1003.937007874" endy="-125.94488188976" width="7.8740157480314" />
  </footprint>
  <symbol name="DFR0478" originx="0" originy="0">
    <line originx="200" originy="600" endx="2100" endy="600" width="0" />
    <line originx="2100" originy="-800" endx="2100" endy="600" width="0" />
    <line originx="2100" originy="-800" endx="200" endy="-800" width="0" />
    <line originx="200" originy="600" endx="200" endy="-800" width="0" />
    <sympin number="1" originx="2000" originy="600" rotation="90" length="100" width="7.8740157480315" flipped="False">
      <text name="pinname" originx="2000" originy="570" style="Default" rotation="0" justify="right" flipped="False" hidden="False" data="IO3/RXD" />
      <text name="pindes" originx="1980" originy="660" style="Default" rotation="0" justify="lowerleft" flipped="False" hidden="False" data="1" />
    </sympin>
    <sympin number="2" originx="1900" originy="600" rotation="90" length="100" width="7.8740157480315" flipped="False">
      <text name="pinname" originx="1900" originy="570" style="Default" rotation="0" justify="right" flipped="False" hidden="False" data="IO1/TXD" />
      <text name="pindes" originx="1880" originy="660" style="Default" rotation="0" justify="lowerleft" flipped="False" hidden="False" data="2" />
    </sympin>
    <sympin number="3" originx="1800" originy="600" rotation="90" length="100" width="7.8740157480315" flipped="False">
      <text name="pinname" originx="1800" originy="570" style="Default" rotation="0" justify="right" flipped="False" hidden="False" data="IO25/D2" />
      <text name="pindes" originx="1780" originy="660" style="Default" rotation="0" justify="lowerleft" flipped="False" hidden="False" data="3" />
    </sympin>
    <sympin number="4" originx="1700" originy="600" rotation="90" length="100" width="7.8740157480315" flipped="False">
      <text name="pinname" originx="1700" originy="570" style="Default" rotation="0" justify="right" flipped="False" hidden="False" data="IO26/D3" />
      <text name="pindes" originx="1680" originy="660" style="Default" rotation="0" justify="lowerleft" flipped="False" hidden="False" data="4" />
    </sympin>
    <sympin number="5" originx="1600" originy="600" rotation="90" length="100" width="7.8740157480315" flipped="False">
      <text name="pinname" originx="1600" originy="570" style="Default" rotation="0" justify="right" flipped="False" hidden="False" data="IO27/D4" />
      <text name="pindes" originx="1580" originy="660" style="Default" rotation="0" justify="lowerleft" flipped="False" hidden="False" data="5" />
    </sympin>
    <sympin number="6" originx="1500" originy="600" rotation="90" length="100" width="7.8740157480315" flipped="False">
      <text name="pinname" originx="1500" originy="570" style="Default" rotation="0" justify="right" flipped="False" hidden="False" data="IO9/D5" />
      <text name="pindes" originx="1480" originy="660" style="Default" rotation="0" justify="lowerleft" flipped="False" hidden="False" data="6" />
    </sympin>
    <sympin number="7" originx="1400" originy="600" rotation="90" length="100" width="7.8740157480315" flipped="False">
      <text name="pinname" originx="1400" originy="570" style="Default" rotation="0" justify="right" flipped="False" hidden="False" data="IO10/D6" />
      <text name="pindes" originx="1380" originy="660" style="Default" rotation="0" justify="lowerleft" flipped="False" hidden="False" data="7" />
    </sympin>
    <sympin number="8" originx="1300" originy="600" rotation="90" length="100" width="7.8740157480315" flipped="False">
      <text name="pinname" originx="1300" originy="570" style="Default" rotation="0" justify="right" flipped="False" hidden="False" data="IO13/D7" />
      <text name="pindes" originx="1280" originy="660" style="Default" rotation="0" justify="lowerleft" flipped="False" hidden="False" data="8" />
    </sympin>
    <sympin number="9" originx="1200" originy="600" rotation="90" length="100" width="7.8740157480315" flipped="False">
      <text name="pinname" originx="1200" originy="570" style="Default" rotation="0" justify="right" flipped="False" hidden="False" data="IO5/D8" />
      <text name="pindes" originx="1180" originy="660" style="Default" rotation="0" justify="lowerleft" flipped="False" hidden="False" data="9" />
    </sympin>
    <sympin number="10" originx="1100" originy="600" rotation="90" length="100" width="7.8740157480315" flipped="False">
      <text name="pinname" originx="1100" originy="570" style="Default" rotation="0" justify="right" flipped="False" hidden="False" data="IO2/D9" />
      <text name="pindes" originx="1080" originy="660" style="Default" rotation="0" justify="lowerleft" flipped="False" hidden="False" data="10" />
    </sympin>
    <sympin number="11" originx="1000" originy="600" rotation="90" length="100" width="7.8740157480315" flipped="False">
      <text name="pinname" originx="1000" originy="570" style="Default" rotation="0" justify="right" flipped="False" hidden="False" data="IO6/CLK" />
      <text name="pindes" originx="980" originy="660" style="Default" rotation="0" justify="lowerleft" flipped="False" hidden="False" data="11" />
    </sympin>
    <sympin number="12" originx="900" originy="600" rotation="90" length="100" width="7.8740157480315" flipped="False">
      <text name="pinname" originx="900" originy="570" style="Default" rotation="0" justify="right" flipped="False" hidden="False" data="IO7/SD0" />
      <text name="pindes" originx="880" originy="660" style="Default" rotation="0" justify="lowerleft" flipped="False" hidden="False" data="12" />
    </sympin>
    <sympin number="13" originx="800" originy="600" rotation="90" length="100" width="7.8740157480315" flipped="False">
      <text name="pinname" originx="800" originy="570" style="Default" rotation="0" justify="right" flipped="False" hidden="False" data="IO8/SD1" />
      <text name="pindes" originx="780" originy="660" style="Default" rotation="0" justify="lowerleft" flipped="False" hidden="False" data="13" />
    </sympin>
    <sympin number="14" originx="700" originy="600" rotation="90" length="100" width="7.8740157480315" flipped="False">
      <text name="pinname" originx="700" originy="570" style="Default" rotation="0" justify="right" flipped="False" hidden="False" data="IO11/CMD" />
      <text name="pindes" originx="680" originy="660" style="Default" rotation="0" justify="lowerleft" flipped="False" hidden="False" data="14" />
    </sympin>
    <sympin number="15" originx="600" originy="600" rotation="90" length="100" width="7.8740157480315" flipped="False">
      <text name="pinname" originx="600" originy="570" style="Default" rotation="0" justify="right" flipped="False" hidden="False" data="GND" />
      <text name="pindes" originx="580" originy="660" style="Default" rotation="0" justify="lowerleft" flipped="False" hidden="False" data="15" />
    </sympin>
    <sympin number="16" originx="500" originy="600" rotation="90" length="100" width="7.8740157480315" flipped="False">
      <text name="pinname" originx="500" originy="570" style="Default" rotation="0" justify="right" flipped="False" hidden="False" data="AREF" />
      <text name="pindes" originx="480" originy="660" style="Default" rotation="0" justify="lowerleft" flipped="False" hidden="False" data="16" />
    </sympin>
    <sympin number="17" originx="400" originy="600" rotation="90" length="100" width="7.8740157480315" flipped="False">
      <text name="pinname" originx="400" originy="570" style="Default" rotation="0" justify="right" flipped="False" hidden="False" data="3V3" />
      <text name="pindes" originx="380" originy="660" style="Default" rotation="0" justify="lowerleft" flipped="False" hidden="False" data="17" />
    </sympin>
    <sympin number="18" originx="300" originy="600" rotation="90" length="100" width="7.8740157480315" flipped="False">
      <text name="pinname" originx="300" originy="570" style="Default" rotation="0" justify="right" flipped="False" hidden="False" data="VCC" />
      <text name="pindes" originx="280" originy="660" style="Default" rotation="0" justify="lowerleft" flipped="False" hidden="False" data="18" />
    </sympin>
    <sympin number="19" originx="2000" originy="-800" rotation="270" length="100" width="7.8740157480315" flipped="False">
      <text name="pinname" originx="2000" originy="-770" style="Default" rotation="0" justify="left" flipped="False" hidden="False" data="A0/IO36" />
      <text name="pindes" originx="1980" originy="-860" style="Default" rotation="0" justify="lowerright" flipped="False" hidden="False" data="19" />
    </sympin>
    <sympin number="20" originx="1900" originy="-800" rotation="270" length="100" width="7.8740157480315" flipped="False">
      <text name="pinname" originx="1900" originy="-770" style="Default" rotation="0" justify="left" flipped="False" hidden="False" data="A1/IO39" />
      <text name="pindes" originx="1880" originy="-860" style="Default" rotation="0" justify="lowerright" flipped="False" hidden="False" data="20" />
    </sympin>
    <sympin number="21" originx="1800" originy="-800" rotation="270" length="100" width="7.8740157480315" flipped="False">
      <text name="pinname" originx="1800" originy="-770" style="Default" rotation="0" justify="left" flipped="False" hidden="False" data="A2/IO34" />
      <text name="pindes" originx="1780" originy="-860" style="Default" rotation="0" justify="lowerright" flipped="False" hidden="False" data="21" />
    </sympin>
    <sympin number="22" originx="1700" originy="-800" rotation="270" length="100" width="7.8740157480315" flipped="False">
      <text name="pinname" originx="1700" originy="-770" style="Default" rotation="0" justify="left" flipped="False" hidden="False" data="A3/IO35" />
      <text name="pindes" originx="1680" originy="-860" style="Default" rotation="0" justify="lowerright" flipped="False" hidden="False" data="22" />
    </sympin>
    <sympin number="23" originx="1600" originy="-800" rotation="270" length="100" width="7.8740157480315" flipped="False">
      <text name="pinname" originx="1600" originy="-770" style="Default" rotation="0" justify="left" flipped="False" hidden="False" data="A4/IO15" />
      <text name="pindes" originx="1580" originy="-860" style="Default" rotation="0" justify="lowerright" flipped="False" hidden="False" data="23" />
    </sympin>
    <sympin number="24" originx="1500" originy="-800" rotation="270" length="100" width="7.8740157480315" flipped="False">
      <text name="pinname" originx="1500" originy="-770" style="Default" rotation="0" justify="left" flipped="False" hidden="False" data="NC" />
      <text name="pindes" originx="1480" originy="-860" style="Default" rotation="0" justify="lowerright" flipped="False" hidden="False" data="24" />
    </sympin>
    <sympin number="25" originx="1400" originy="-800" rotation="270" length="100" width="7.8740157480315" flipped="False">
      <text name="pinname" originx="1400" originy="-770" style="Default" rotation="0" justify="left" flipped="False" hidden="False" data="IO0" />
      <text name="pindes" originx="1380" originy="-860" style="Default" rotation="0" justify="lowerright" flipped="False" hidden="False" data="25" />
    </sympin>
    <sympin number="26" originx="1300" originy="-800" rotation="270" length="100" width="7.8740157480315" flipped="False">
      <text name="pinname" originx="1300" originy="-770" style="Default" rotation="0" justify="left" flipped="False" hidden="False" data="SCK/IO18" />
      <text name="pindes" originx="1280" originy="-860" style="Default" rotation="0" justify="lowerright" flipped="False" hidden="False" data="26" />
    </sympin>
    <sympin number="27" originx="1200" originy="-800" rotation="270" length="100" width="7.8740157480315" flipped="False">
      <text name="pinname" originx="1200" originy="-770" style="Default" rotation="0" justify="left" flipped="False" hidden="False" data="MOSI/IO23" />
      <text name="pindes" originx="1180" originy="-860" style="Default" rotation="0" justify="lowerright" flipped="False" hidden="False" data="27" />
    </sympin>
    <sympin number="28" originx="1100" originy="-800" rotation="270" length="100" width="7.8740157480315" flipped="False">
      <text name="pinname" originx="1100" originy="-770" style="Default" rotation="0" justify="left" flipped="False" hidden="False" data="MISO/IO19" />
      <text name="pindes" originx="1080" originy="-860" style="Default" rotation="0" justify="lowerright" flipped="False" hidden="False" data="28" />
    </sympin>
    <sympin number="29" originx="1000" originy="-800" rotation="270" length="100" width="7.8740157480315" flipped="False">
      <text name="pinname" originx="1000" originy="-770" style="Default" rotation="0" justify="left" flipped="False" hidden="False" data="SDA/IO21" />
      <text name="pindes" originx="980" originy="-860" style="Default" rotation="0" justify="lowerright" flipped="False" hidden="False" data="29" />
    </sympin>
    <sympin number="30" originx="900" originy="-800" rotation="270" length="100" width="7.8740157480315" flipped="False">
      <text name="pinname" originx="900" originy="-770" style="Default" rotation="0" justify="left" flipped="False" hidden="False" data="SCL/IO22" />
      <text name="pindes" originx="880" originy="-860" style="Default" rotation="0" justify="lowerright" flipped="False" hidden="False" data="30" />
    </sympin>
    <sympin number="31" originx="800" originy="-800" rotation="270" length="100" width="7.8740157480315" flipped="False">
      <text name="pinname" originx="800" originy="-770" style="Default" rotation="0" justify="left" flipped="False" hidden="False" data="BCLK/IO14" />
      <text name="pindes" originx="780" originy="-860" style="Default" rotation="0" justify="lowerright" flipped="False" hidden="False" data="31" />
    </sympin>
    <sympin number="32" originx="700" originy="-800" rotation="270" length="100" width="7.8740157480315" flipped="False">
      <text name="pinname" originx="700" originy="-770" style="Default" rotation="0" justify="left" flipped="False" hidden="False" data="MCLK/IO12" />
      <text name="pindes" originx="680" originy="-860" style="Default" rotation="0" justify="lowerright" flipped="False" hidden="False" data="32" />
    </sympin>
    <sympin number="33" originx="600" originy="-800" rotation="270" length="100" width="7.8740157480315" flipped="False">
      <text name="pinname" originx="600" originy="-770" style="Default" rotation="0" justify="left" flipped="False" hidden="False" data="DO/IO4" />
      <text name="pindes" originx="580" originy="-860" style="Default" rotation="0" justify="lowerright" flipped="False" hidden="False" data="33" />
    </sympin>
    <sympin number="34" originx="500" originy="-800" rotation="270" length="100" width="7.8740157480315" flipped="False">
      <text name="pinname" originx="500" originy="-770" style="Default" rotation="0" justify="left" flipped="False" hidden="False" data="DI/IO16" />
      <text name="pindes" originx="480" originy="-860" style="Default" rotation="0" justify="lowerright" flipped="False" hidden="False" data="34" />
    </sympin>
    <sympin number="35" originx="400" originy="-800" rotation="270" length="100" width="7.8740157480315" flipped="False">
      <text name="pinname" originx="400" originy="-770" style="Default" rotation="0" justify="left" flipped="False" hidden="False" data="LRCK/IO17" />
      <text name="pindes" originx="380" originy="-860" style="Default" rotation="0" justify="lowerright" flipped="False" hidden="False" data="35" />
    </sympin>
    <sympin number="36" originx="300" originy="-800" rotation="270" length="100" width="7.8740157480315" flipped="False">
      <text name="pinname" originx="300" originy="-770" style="Default" rotation="0" justify="left" flipped="False" hidden="False" data="RST" />
      <text name="pindes" originx="280" originy="-860" style="Default" rotation="0" justify="lowerright" flipped="False" hidden="False" data="36" />
    </sympin>
    <sympin number="37" originx="200" originy="-100" rotation="180" length="100" width="7.8740157480315" flipped="False">
      <text name="pinname" originx="230" originy="-100" style="Default" rotation="0" justify="left" flipped="False" hidden="False" data="MH1" />
      <text name="pindes" originx="140" originy="-80" style="Default" rotation="0" justify="lowerright" flipped="False" hidden="False" data="MH1" />
    </sympin>
    <sympin number="38" originx="200" originy="0" rotation="180" length="100" width="7.8740157480315" flipped="False">
      <text name="pinname" originx="230" originy="0" style="Default" rotation="0" justify="left" flipped="False" hidden="False" data="MH2" />
      <text name="pindes" originx="140" originy="20" style="Default" rotation="0" justify="lowerright" flipped="False" hidden="False" data="MH2" />
    </sympin>
    <sympin number="39" originx="2100" originy="0" rotation="0" length="100" width="7.8740157480315" flipped="False">
      <text name="pinname" originx="2070" originy="0" style="Default" rotation="0" justify="right" flipped="False" hidden="False" data="MH3" />
      <text name="pindes" originx="2160" originy="20" style="Default" rotation="0" justify="lowerleft" flipped="False" hidden="False" data="MH3" />
    </sympin>
    <sympin number="40" originx="2100" originy="-100" rotation="0" length="100" width="7.8740157480315" flipped="False">
      <text name="pinname" originx="2070" originy="-100" style="Default" rotation="0" justify="right" flipped="False" hidden="False" data="MH4" />
      <text name="pindes" originx="2160" originy="-80" style="Default" rotation="0" justify="lowerleft" flipped="False" hidden="False" data="MH4" />
    </sympin>
  </symbol>
  <component name="DFR0478" designatorprefix="U" height="0" footprint="FIREBEETLE_ESP32">
    <comppin designator="1" sympin="1" pinswap="0" gateswap="0" gate="1" group="1" side="" type="Any" name="IO3/RXD" />
    <comppin designator="2" sympin="2" pinswap="0" gateswap="0" gate="1" group="1" side="" type="Any" name="IO1/TXD" />
    <comppin designator="3" sympin="3" pinswap="0" gateswap="0" gate="1" group="1" side="" type="Any" name="IO25/D2" />
    <comppin designator="4" sympin="4" pinswap="0" gateswap="0" gate="1" group="1" side="" type="Any" name="IO26/D3" />
    <comppin designator="5" sympin="5" pinswap="0" gateswap="0" gate="1" group="1" side="" type="Any" name="IO27/D4" />
    <comppin designator="6" sympin="6" pinswap="0" gateswap="0" gate="1" group="1" side="" type="Any" name="IO9/D5" />
    <comppin designator="7" sympin="7" pinswap="0" gateswap="0" gate="1" group="1" side="" type="Any" name="IO10/D6" />
    <comppin designator="8" sympin="8" pinswap="0" gateswap="0" gate="1" group="1" side="" type="Any" name="IO13/D7" />
    <comppin designator="9" sympin="9" pinswap="0" gateswap="0" gate="1" group="1" side="" type="Any" name="IO5/D8" />
    <comppin designator="10" sympin="10" pinswap="0" gateswap="0" gate="1" group="1" side="" type="Any" name="IO2/D9" />
    <comppin designator="11" sympin="11" pinswap="0" gateswap="0" gate="1" group="1" side="" type="Any" name="IO6/CLK" />
    <comppin designator="12" sympin="12" pinswap="0" gateswap="0" gate="1" group="1" side="" type="Any" name="IO7/SD0" />
    <comppin designator="13" sympin="13" pinswap="0" gateswap="0" gate="1" group="1" side="" type="Any" name="IO8/SD1" />
    <comppin designator="14" sympin="14" pinswap="0" gateswap="0" gate="1" group="1" side="" type="Any" name="IO11/CMD" />
    <comppin designator="15" sympin="15" pinswap="0" gateswap="0" gate="1" group="1" side="" type="Any" name="GND" />
    <comppin designator="16" sympin="16" pinswap="0" gateswap="0" gate="1" group="1" side="" type="Any" name="AREF" />
    <comppin designator="17" sympin="17" pinswap="0" gateswap="0" gate="1" group="1" side="" type="Any" name="3V3" />
    <comppin designator="18" sympin="18" pinswap="0" gateswap="0" gate="1" group="1" side="" type="Any" name="VCC" />
    <comppin designator="19" sympin="19" pinswap="0" gateswap="0" gate="1" group="1" side="" type="Any" name="A0/IO36" />
    <comppin designator="20" sympin="20" pinswap="0" gateswap="0" gate="1" group="1" side="" type="Any" name="A1/IO39" />
    <comppin designator="21" sympin="21" pinswap="0" gateswap="0" gate="1" group="1" side="" type="Any" name="A2/IO34" />
    <comppin designator="22" sympin="22" pinswap="0" gateswap="0" gate="1" group="1" side="" type="Any" name="A3/IO35" />
    <comppin designator="23" sympin="23" pinswap="0" gateswap="0" gate="1" group="1" side="" type="Any" name="A4/IO15" />
    <comppin designator="24" sympin="24" pinswap="0" gateswap="0" gate="1" group="1" side="" type="Any" name="NC" />
    <comppin designator="25" sympin="25" pinswap="0" gateswap="0" gate="1" group="1" side="" type="Any" name="IO0" />
    <comppin designator="26" sympin="26" pinswap="0" gateswap="0" gate="1" group="1" side="" type="Any" name="SCK/IO18" />
    <comppin designator="27" sympin="27" pinswap="0" gateswap="0" gate="1" group="1" side="" type="Any" name="MOSI/IO23" />
    <comppin designator="28" sympin="28" pinswap="0" gateswap="0" gate="1" group="1" side="" type="Any" name="MISO/IO19" />
    <comppin designator="29" sympin="29" pinswap="0" gateswap="0" gate="1" group="1" side="" type="Any" name="SDA/IO21" />
    <comppin designator="30" sympin="30" pinswap="0" gateswap="0" gate="1" group="1" side="" type="Any" name="SCL/IO22" />
    <comppin designator="31" sympin="31" pinswap="0" gateswap="0" gate="1" group="1" side="" type="Any" name="BCLK/IO14" />
    <comppin designator="32" sympin="32" pinswap="0" gateswap="0" gate="1" group="1" side="" type="Any" name="MCLK/IO12" />
    <comppin designator="33" sympin="33" pinswap="0" gateswap="0" gate="1" group="1" side="" type="Any" name="DO/IO4" />
    <comppin designator="34" sympin="34" pinswap="0" gateswap="0" gate="1" group="1" side="" type="Any" name="DI/IO16" />
    <comppin designator="35" sympin="35" pinswap="0" gateswap="0" gate="1" group="1" side="" type="Any" name="LRCK/IO17" />
    <comppin designator="36" sympin="36" pinswap="0" gateswap="0" gate="1" group="1" side="" type="Any" name="RST" />
    <comppin designator="MH1" sympin="37" pinswap="0" gateswap="0" gate="1" group="1" side="" type="Any" name="MH1" />
    <comppin designator="MH2" sympin="38" pinswap="0" gateswap="0" gate="1" group="1" side="" type="Any" name="MH2" />
    <comppin designator="MH3" sympin="39" pinswap="0" gateswap="0" gate="1" group="1" side="" type="Any" name="MH3" />
    <comppin designator="MH4" sympin="40" pinswap="0" gateswap="0" gate="1" group="1" side="" type="Any" name="MH4" />
    <attached_symbol gate="1" name="DFR0478" />
    <pinmap designator="1" footprintpin="1" />
    <pinmap designator="2" footprintpin="2" />
    <pinmap designator="3" footprintpin="3" />
    <pinmap designator="4" footprintpin="4" />
    <pinmap designator="5" footprintpin="5" />
    <pinmap designator="6" footprintpin="6" />
    <pinmap designator="7" footprintpin="7" />
    <pinmap designator="8" footprintpin="8" />
    <pinmap designator="9" footprintpin="9" />
    <pinmap designator="10" footprintpin="10" />
    <pinmap designator="11" footprintpin="11" />
    <pinmap designator="12" footprintpin="12" />
    <pinmap designator="13" footprintpin="13" />
    <pinmap designator="14" footprintpin="14" />
    <pinmap designator="15" footprintpin="15" />
    <pinmap designator="16" footprintpin="16" />
    <pinmap designator="17" footprintpin="17" />
    <pinmap designator="18" footprintpin="18" />
    <pinmap designator="19" footprintpin="19" />
    <pinmap designator="20" footprintpin="20" />
    <pinmap designator="21" footprintpin="21" />
    <pinmap designator="22" footprintpin="22" />
    <pinmap designator="23" footprintpin="23" />
    <pinmap designator="24" footprintpin="24" />
    <pinmap designator="25" footprintpin="25" />
    <pinmap designator="26" footprintpin="26" />
    <pinmap designator="27" footprintpin="27" />
    <pinmap designator="28" footprintpin="28" />
    <pinmap designator="29" footprintpin="29" />
    <pinmap designator="30" footprintpin="30" />
    <pinmap designator="31" footprintpin="31" />
    <pinmap designator="32" footprintpin="32" />
    <pinmap designator="33" footprintpin="33" />
    <pinmap designator="34" footprintpin="34" />
    <pinmap designator="35" footprintpin="35" />
    <pinmap designator="36" footprintpin="36" />
    <pinmap designator="MH1" footprintpin="37" />
    <pinmap designator="MH2" footprintpin="38" />
    <pinmap designator="MH3" footprintpin="39" />
    <pinmap designator="MH4" footprintpin="40" />
    <text name="Datasheet" originx="0" originy="0" style="Default" rotation="0" justify="" flipped="False" hidden="True" data="https://datasheet.datasheetarchive.com/originals/distributors/DKDS-1/13356.pdf" />
    <text name="Description" originx="0" originy="0" style="Default" rotation="0" justify="" flipped="False" hidden="True" data="Development Boards &amp; Kits - Wireless FireBeetle ESP32 IOT MCU" />
    <text name="Manufacturer_Name" originx="0" originy="0" style="Default" rotation="0" justify="" flipped="False" hidden="True" data="DFRobot" />
    <text name="Manufacturer_Part_Number" originx="2150" originy="700" style="Default" rotation="0" justify="left" flipped="False" hidden="False" data="DFR0478" />
    <text name="Mouser Part Number" originx="0" originy="0" style="Default" rotation="0" justify="" flipped="False" hidden="True" data="426-DFR0478" />
    <text name="Mouser Price/Stock" originx="0" originy="0" style="Default" rotation="0" justify="" flipped="False" hidden="True" data="https://www.mouser.co.uk/ProductDetail/DFRobot/DFR0478?qs=EU6FO9ffTwc%252BR65h2NUGQw%3D%3D" />
    <text name="Arrow Part Number" originx="0" originy="0" style="Default" rotation="0" justify="" flipped="False" hidden="True" data="DFR0478" />
    <text name="Arrow Price/Stock" originx="0" originy="0" style="Default" rotation="0" justify="" flipped="False" hidden="True" data="https://www.arrow.com/en/products/dfr0478/dfrobot?region=nac" />
  </component>
</quadcept_library>
